Unique_ID,Name,Instrument_Type,Region,Income_group,Metric,Year,Price,Next_Year_Price
ETS_AT,Austria ETS,ETS,Europe & Central Asia,High income,US$/tCO2e,2023,35.34375,48.3705
ETS_AT,Austria ETS,ETS,Europe & Central Asia,High income,US$/tCO2e,2024,48.3705,48.546
ETS_AU1,Australia CPM,ETS,East Asia & Pacific,High income,US$/tCO2e,2012,23.9246,24.584508
ETS_AU1,Australia CPM,ETS,East Asia & Pacific,High income,US$/tCO2e,2013,24.584508,22.370145
ETS_AU2,Australia Safeguard Mechanism,ETS,East Asia & Pacific,High income,US$/tCO2e,2024,21.90375,21.81612
ETS_CA,Canada federal OBPS,ETS,North America,High income,US$/tCO2e,2021,31.8344608,39.96163683
ETS_CA,Canada federal OBPS,ETS,North America,High income,US$/tCO2e,2022,39.96163683,48.03073967
ETS_CA,Canada federal OBPS,ETS,North America,High income,US$/tCO2e,2023,48.03073967,58.94488653
ETS_CA,Canada federal OBPS,ETS,North America,High income,US$/tCO2e,2024,58.94488653,66.21131865
ETS_CA_Alberta,Alberta TIER,ETS,North America,High income,US$/tCO2e,2007,13.01066875,14.60564752
ETS_CA_Alberta,Alberta TIER,ETS,North America,High income,US$/tCO2e,2008,14.60564752,11.86427272
ETS_CA_Alberta,Alberta TIER,ETS,North America,High income,US$/tCO2e,2009,11.86427272,14.88833747
ETS_CA_Alberta,Alberta TIER,ETS,North America,High income,US$/tCO2e,2010,14.88833747,15.57794163
ETS_CA_Alberta,Alberta TIER,ETS,North America,High income,US$/tCO2e,2011,15.57794163,15.01351216
ETS_CA_Alberta,Alberta TIER,ETS,North America,High income,US$/tCO2e,2012,15.01351216,14.75361464
ETS_CA_Alberta,Alberta TIER,ETS,North America,High income,US$/tCO2e,2013,14.75361464,13.60297452
ETS_CA_Alberta,Alberta TIER,ETS,North America,High income,US$/tCO2e,2014,13.60297452,11.89343482
ETS_CA_Alberta,Alberta TIER,ETS,North America,High income,US$/tCO2e,2015,11.89343482,15.32919445
ETS_CA_Alberta,Alberta TIER,ETS,North America,High income,US$/tCO2e,2016,15.32919445,22.53944403
ETS_CA_Alberta,Alberta TIER,ETS,North America,High income,US$/tCO2e,2017,22.53944403,23.26663564
ETS_CA_Alberta,Alberta TIER,ETS,North America,High income,US$/tCO2e,2018,23.26663564,22.4938142
ETS_CA_Alberta,Alberta TIER,ETS,North America,High income,US$/tCO2e,2019,22.4938142,21.10149821
ETS_CA_Alberta,Alberta TIER,ETS,North America,High income,US$/tCO2e,2020,21.10149821,31.8344608
ETS_CA_Alberta,Alberta TIER,ETS,North America,High income,US$/tCO2e,2021,31.8344608,39.96163683
ETS_CA_Alberta,Alberta TIER,ETS,North America,High income,US$/tCO2e,2022,39.96163683,48.03073967
ETS_CA_Alberta,Alberta TIER,ETS,North America,High income,US$/tCO2e,2023,48.03073967,58.94488653
ETS_CA_Alberta,Alberta TIER,ETS,North America,High income,US$/tCO2e,2024,58.94488653,66.21131865
ETS_CA_BC,BC OBPS,ETS,North America,High income,US$/tCO2e,2016,0.0,19.896538
ETS_CA_BC,BC OBPS,ETS,North America,High income,US$/tCO2e,2021,19.896538,19.98081841
ETS_CA_BC,BC OBPS,ETS,North America,High income,US$/tCO2e,2022,19.98081841,18.47336141
ETS_CA_BC,BC OBPS,ETS,North America,High income,US$/tCO2e,2023,18.47336141,58.94488653
ETS_CA_BC,BC OBPS,ETS,North America,High income,US$/tCO2e,2024,58.94488653,66.21131865
ETS_CA_NB,New Brunswick OBPS,ETS,North America,High income,US$/tCO2e,2022,39.96163683,48.03073967
ETS_CA_NB,New Brunswick OBPS,ETS,North America,High income,US$/tCO2e,2023,48.03073967,58.94488653
ETS_CA_NB,New Brunswick OBPS,ETS,North America,High income,US$/tCO2e,2024,58.94488653,66.21131865
ETS_CA_NL,Newfoundland and Labrador PSS,ETS,North America,High income,US$/tCO2e,2021,23.8758456,39.96163683
ETS_CA_NL,Newfoundland and Labrador PSS,ETS,North America,High income,US$/tCO2e,2022,39.96163683,48.03073967
ETS_CA_NL,Newfoundland and Labrador PSS,ETS,North America,High income,US$/tCO2e,2023,48.03073967,58.94488653
ETS_CA_NL,Newfoundland and Labrador PSS,ETS,North America,High income,US$/tCO2e,2024,58.94488653,66.21131865
ETS_CA_NS,Nova Scotia OBPS,ETS,North America,High income,US$/tCO2e,2021,19.65777955,23.09782609
ETS_CA_NS,Nova Scotia OBPS,ETS,North America,High income,US$/tCO2e,2022,23.09782609,20.8748984
ETS_CA_NS,Nova Scotia OBPS,ETS,North America,High income,US$/tCO2e,2023,20.8748984,58.94488653
ETS_CA_NS,Nova Scotia OBPS,ETS,North America,High income,US$/tCO2e,2024,58.94488653,66.21131865
ETS_CA_Ontario,Ontario CaT,ETS,North America,High income,US$/tCO2e,2017,14.06461307,11.71087327
ETS_CA_Ontario2,Ontario EPS,ETS,North America,High income,US$/tCO2e,2022,31.96930946,48.03073967
ETS_CA_Ontario2,Ontario EPS,ETS,North America,High income,US$/tCO2e,2023,48.03073967,58.94488653
ETS_CA_Ontario2,Ontario EPS,ETS,North America,High income,US$/tCO2e,2024,58.94488653,66.21131865
ETS_CA_Quebec,Quebec CaT,ETS,North America,High income,US$/tCO2e,2013,0.0,11.69
ETS_CA_Quebec,Quebec CaT,ETS,North America,High income,US$/tCO2e,2014,11.69,12.49
ETS_CA_Quebec,Quebec CaT,ETS,North America,High income,US$/tCO2e,2015,12.49,12.45
ETS_CA_Quebec,Quebec CaT,ETS,North America,High income,US$/tCO2e,2016,12.45,15.08
ETS_CA_Quebec,Quebec CaT,ETS,North America,High income,US$/tCO2e,2017,15.08,15.1
ETS_CA_Quebec,Quebec CaT,ETS,North America,High income,US$/tCO2e,2018,15.1,15.77
ETS_CA_Quebec,Quebec CaT,ETS,North America,High income,US$/tCO2e,2019,15.77,21.75201163
ETS_CA_Quebec,Quebec CaT,ETS,North America,High income,US$/tCO2e,2020,21.75201163,17.94
ETS_CA_Quebec,Quebec CaT,ETS,North America,High income,US$/tCO2e,2021,17.94,38.58
ETS_CA_Quebec,Quebec CaT,ETS,North America,High income,US$/tCO2e,2022,38.58,29.84
ETS_CA_Quebec,Quebec CaT,ETS,North America,High income,US$/tCO2e,2023,29.84,38.59
ETS_CA_Quebec,Quebec CaT,ETS,North America,High income,US$/tCO2e,2024,38.59,41.54
ETS_CA_SK,Saskatchewan OBPS,ETS,North America,High income,US$/tCO2e,2021,31.8344608,39.96163683
ETS_CA_SK,Saskatchewan OBPS,ETS,North America,High income,US$/tCO2e,2022,39.96163683,48.03073967
ETS_CA_SK,Saskatchewan OBPS,ETS,North America,High income,US$/tCO2e,2023,48.03073967,58.94488653
ETS_CH,Switzerland ETS,ETS,Europe & Central Asia,High income,US$/tCO2e,2008,0.0,0.0
ETS_CH,Switzerland ETS,ETS,Europe & Central Asia,High income,US$/tCO2e,2009,0.0,0.0
ETS_CH,Switzerland ETS,ETS,Europe & Central Asia,High income,US$/tCO2e,2010,0.0,25.4538
ETS_CH,Switzerland ETS,ETS,Europe & Central Asia,High income,US$/tCO2e,2011,25.4538,24.0408
ETS_CH,Switzerland ETS,ETS,Europe & Central Asia,High income,US$/tCO2e,2012,24.0408,0.0
ETS_CH,Switzerland ETS,ETS,Europe & Central Asia,High income,US$/tCO2e,2013,0.0,55.50475
ETS_CH,Switzerland ETS,ETS,Europe & Central Asia,High income,US$/tCO2e,2014,55.50475,12.906
ETS_CH,Switzerland ETS,ETS,Europe & Central Asia,High income,US$/tCO2e,2015,12.906,10.2888
ETS_CH,Switzerland ETS,ETS,Europe & Central Asia,High income,US$/tCO2e,2016,10.2888,6.94915
ETS_CH,Switzerland ETS,ETS,Europe & Central Asia,High income,US$/tCO2e,2017,6.94915,9.24075
ETS_CH,Switzerland ETS,ETS,Europe & Central Asia,High income,US$/tCO2e,2018,9.24075,8.03374
ETS_CH,Switzerland ETS,ETS,Europe & Central Asia,High income,US$/tCO2e,2019,8.03374,19.84884
ETS_CH,Switzerland ETS,ETS,Europe & Central Asia,High income,US$/tCO2e,2020,19.84884,46.10305
ETS_CH,Switzerland ETS,ETS,Europe & Central Asia,High income,US$/tCO2e,2021,46.10305,65.59362
ETS_CH,Switzerland ETS,ETS,Europe & Central Asia,High income,US$/tCO2e,2022,65.59362,59.173245
ETS_CH,Switzerland ETS,ETS,Europe & Central Asia,High income,US$/tCO2e,2024,59.173245,64.749576
ETS_CN,China national ETS,ETS,East Asia & Pacific,Upper middle income,US$/tCO2e,2022,9.199849028,8.15316299
ETS_CN,China national ETS,ETS,East Asia & Pacific,Upper middle income,US$/tCO2e,2023,8.15316299,12.57307921
ETS_CN,China national ETS,ETS,East Asia & Pacific,Upper middle income,US$/tCO2e,2024,12.57307921,11.76462495
ETS_CN_Beijing,Beijing pilot ETS,ETS,East Asia & Pacific,Upper middle income,US$/tCO2e,2013,0.0,8.516657724
ETS_CN_Beijing,Beijing pilot ETS,ETS,East Asia & Pacific,Upper middle income,US$/tCO2e,2014,8.516657724,8.21206498
ETS_CN_Beijing,Beijing pilot ETS,ETS,East Asia & Pacific,Upper middle income,US$/tCO2e,2015,8.21206498,6.296021286
ETS_CN_Beijing,Beijing pilot ETS,ETS,East Asia & Pacific,Upper middle income,US$/tCO2e,2016,6.296021286,7.396604266
ETS_CN_Beijing,Beijing pilot ETS,ETS,East Asia & Pacific,Upper middle income,US$/tCO2e,2017,7.396604266,9.449596838
ETS_CN_Beijing,Beijing pilot ETS,ETS,East Asia & Pacific,Upper middle income,US$/tCO2e,2018,9.449596838,10.4022646
ETS_CN_Beijing,Beijing pilot ETS,ETS,East Asia & Pacific,Upper middle income,US$/tCO2e,2019,10.4022646,12.2042201
ETS_CN_Beijing,Beijing pilot ETS,ETS,East Asia & Pacific,Upper middle income,US$/tCO2e,2020,12.2042201,4.323279666
ETS_CN_Beijing,Beijing pilot ETS,ETS,East Asia & Pacific,Upper middle income,US$/tCO2e,2021,4.323279666,6.527961251
ETS_CN_Beijing,Beijing pilot ETS,ETS,East Asia & Pacific,Upper middle income,US$/tCO2e,2022,6.527961251,12.95770547
ETS_CN_Beijing,Beijing pilot ETS,ETS,East Asia & Pacific,Upper middle income,US$/tCO2e,2023,12.95770547,14.51218332
ETS_CN_Beijing,Beijing pilot ETS,ETS,East Asia & Pacific,Upper middle income,US$/tCO2e,2024,14.51218332,12.1526058
ETS_CN_Chongqing,Chongqing pilot ETS,ETS,East Asia & Pacific,Upper middle income,US$/tCO2e,2014,4.998130173,3.906631507
ETS_CN_Chongqing,Chongqing pilot ETS,ETS,East Asia & Pacific,Upper middle income,US$/tCO2e,2015,3.906631507,1.546933977
ETS_CN_Chongqing,Chongqing pilot ETS,ETS,East Asia & Pacific,Upper middle income,US$/tCO2e,2016,1.546933977,0.220577565
ETS_CN_Chongqing,Chongqing pilot ETS,ETS,East Asia & Pacific,Upper middle income,US$/tCO2e,2017,0.220577565,3.824457405
ETS_CN_Chongqing,Chongqing pilot ETS,ETS,East Asia & Pacific,Upper middle income,US$/tCO2e,2018,3.824457405,0.55125149
ETS_CN_Chongqing,Chongqing pilot ETS,ETS,East Asia & Pacific,Upper middle income,US$/tCO2e,2019,0.55125149,5.30538703
ETS_CN_Chongqing,Chongqing pilot ETS,ETS,East Asia & Pacific,Upper middle income,US$/tCO2e,2020,5.30538703,3.714581368
ETS_CN_Chongqing,Chongqing pilot ETS,ETS,East Asia & Pacific,Upper middle income,US$/tCO2e,2021,3.714581368,5.661445556
ETS_CN_Chongqing,Chongqing pilot ETS,ETS,East Asia & Pacific,Upper middle income,US$/tCO2e,2022,5.661445556,4.65895028
ETS_CN_Chongqing,Chongqing pilot ETS,ETS,East Asia & Pacific,Upper middle income,US$/tCO2e,2023,4.65895028,5.988694318
ETS_CN_Chongqing,Chongqing pilot ETS,ETS,East Asia & Pacific,Upper middle income,US$/tCO2e,2024,5.988694318,5.510153541
ETS_CN_Fujian,Fujian pilot ETS,ETS,East Asia & Pacific,Upper middle income,US$/tCO2e,2016,0.0,5.18067044
ETS_CN_Fujian,Fujian pilot ETS,ETS,East Asia & Pacific,Upper middle income,US$/tCO2e,2017,5.18067044,3.187047838
ETS_CN_Fujian,Fujian pilot ETS,ETS,East Asia & Pacific,Upper middle income,US$/tCO2e,2018,3.187047838,1.519666269
ETS_CN_Fujian,Fujian pilot ETS,ETS,East Asia & Pacific,Upper middle income,US$/tCO2e,2019,1.519666269,1.280950437
ETS_CN_Fujian,Fujian pilot ETS,ETS,East Asia & Pacific,Upper middle income,US$/tCO2e,2020,1.280950437,1.246309767
ETS_CN_Fujian,Fujian pilot ETS,ETS,East Asia & Pacific,Upper middle income,US$/tCO2e,2021,1.246309767,1.825816192
ETS_CN_Fujian,Fujian pilot ETS,ETS,East Asia & Pacific,Upper middle income,US$/tCO2e,2022,1.825816192,4.65895028
ETS_CN_Fujian,Fujian pilot ETS,ETS,East Asia & Pacific,Upper middle income,US$/tCO2e,2023,4.65895028,3.746907523
ETS_CN_Fujian,Fujian pilot ETS,ETS,East Asia & Pacific,Upper middle income,US$/tCO2e,2024,3.746907523,4.727312751
ETS_CN_Guangdong,Guangdong pilot ETS,ETS,East Asia & Pacific,Upper middle income,US$/tCO2e,2013,0.0,10.08080907
ETS_CN_Guangdong,Guangdong pilot ETS,ETS,East Asia & Pacific,Upper middle income,US$/tCO2e,2014,10.08080907,5.485561741
ETS_CN_Guangdong,Guangdong pilot ETS,ETS,East Asia & Pacific,Upper middle income,US$/tCO2e,2015,5.485561741,2.213662521
ETS_CN_Guangdong,Guangdong pilot ETS,ETS,East Asia & Pacific,Upper middle income,US$/tCO2e,2016,2.213662521,1.883616311
ETS_CN_Guangdong,Guangdong pilot ETS,ETS,East Asia & Pacific,Upper middle income,US$/tCO2e,2017,1.883616311,2.324951398
ETS_CN_Guangdong,Guangdong pilot ETS,ETS,East Asia & Pacific,Upper middle income,US$/tCO2e,2018,2.324951398,2.920143027
ETS_CN_Guangdong,Guangdong pilot ETS,ETS,East Asia & Pacific,Upper middle income,US$/tCO2e,2019,2.920143027,4.131417069
ETS_CN_Guangdong,Guangdong pilot ETS,ETS,East Asia & Pacific,Upper middle income,US$/tCO2e,2020,4.131417069,5.715677025
ETS_CN_Guangdong,Guangdong pilot ETS,ETS,East Asia & Pacific,Upper middle income,US$/tCO2e,2021,5.715677025,12.51022205
ETS_CN_Guangdong,Guangdong pilot ETS,ETS,East Asia & Pacific,Upper middle income,US$/tCO2e,2022,12.51022205,12.34185048
ETS_CN_Guangdong,Guangdong pilot ETS,ETS,East Asia & Pacific,Upper middle income,US$/tCO2e,2023,12.34185048,8.939504927
ETS_CN_Guangdong,Guangdong pilot ETS,ETS,East Asia & Pacific,Upper middle income,US$/tCO2e,2024,8.939504927,5.406967145
ETS_CN_Hubei,Hubei pilot ETS,ETS,East Asia & Pacific,Upper middle income,US$/tCO2e,2014,3.414467587,4.184979002
ETS_CN_Hubei,Hubei pilot ETS,ETS,East Asia & Pacific,Upper middle income,US$/tCO2e,2015,4.184979002,3.503805458
ETS_CN_Hubei,Hubei pilot ETS,ETS,East Asia & Pacific,Upper middle income,US$/tCO2e,2016,3.503805458,1.782034538
ETS_CN_Hubei,Hubei pilot ETS,ETS,East Asia & Pacific,Upper middle income,US$/tCO2e,2017,1.782034538,2.326544921
ETS_CN_Hubei,Hubei pilot ETS,ETS,East Asia & Pacific,Upper middle income,US$/tCO2e,2018,2.326544921,4.12693683
ETS_CN_Hubei,Hubei pilot ETS,ETS,East Asia & Pacific,Upper middle income,US$/tCO2e,2019,4.12693683,3.566954294
ETS_CN_Hubei,Hubei pilot ETS,ETS,East Asia & Pacific,Upper middle income,US$/tCO2e,2020,3.566954294,4.41154092
ETS_CN_Hubei,Hubei pilot ETS,ETS,East Asia & Pacific,Upper middle income,US$/tCO2e,2021,4.41154092,7.240359816
ETS_CN_Hubei,Hubei pilot ETS,ETS,East Asia & Pacific,Upper middle income,US$/tCO2e,2022,7.240359816,6.962218825
ETS_CN_Hubei,Hubei pilot ETS,ETS,East Asia & Pacific,Upper middle income,US$/tCO2e,2023,6.962218825,5.618288115
ETS_CN_Hubei,Hubei pilot ETS,ETS,East Asia & Pacific,Upper middle income,US$/tCO2e,2024,5.618288115,5.272136921
ETS_CN_Shanghai,Shanghai pilot ETS,ETS,East Asia & Pacific,Upper middle income,US$/tCO2e,2013,0.0,6.422450937
ETS_CN_Shanghai,Shanghai pilot ETS,ETS,East Asia & Pacific,Upper middle income,US$/tCO2e,2014,6.422450937,4.733535176
ETS_CN_Shanghai,Shanghai pilot ETS,ETS,East Asia & Pacific,Upper middle income,US$/tCO2e,2015,4.733535176,0.928160386
ETS_CN_Shanghai,Shanghai pilot ETS,ETS,East Asia & Pacific,Upper middle income,US$/tCO2e,2016,0.928160386,4.5711798
ETS_CN_Shanghai,Shanghai pilot ETS,ETS,East Asia & Pacific,Upper middle income,US$/tCO2e,2017,4.5711798,6.214743283
ETS_CN_Shanghai,Shanghai pilot ETS,ETS,East Asia & Pacific,Upper middle income,US$/tCO2e,2018,6.214743283,6.090584029
ETS_CN_Shanghai,Shanghai pilot ETS,ETS,East Asia & Pacific,Upper middle income,US$/tCO2e,2019,6.090584029,5.068903872
ETS_CN_Shanghai,Shanghai pilot ETS,ETS,East Asia & Pacific,Upper middle income,US$/tCO2e,2020,5.068903872,6.315244849
ETS_CN_Shanghai,Shanghai pilot ETS,ETS,East Asia & Pacific,Upper middle income,US$/tCO2e,2021,6.315244849,9.276907593
ETS_CN_Shanghai,Shanghai pilot ETS,ETS,East Asia & Pacific,Upper middle income,US$/tCO2e,2022,9.276907593,8.720972556
ETS_CN_Shanghai,Shanghai pilot ETS,ETS,East Asia & Pacific,Upper middle income,US$/tCO2e,2023,8.720972556,10.06178044
ETS_CN_Shanghai,Shanghai pilot ETS,ETS,East Asia & Pacific,Upper middle income,US$/tCO2e,2024,10.06178044,10.79742447
ETS_CN_Shenzhen,Shenzhen pilot ETS,ETS,East Asia & Pacific,Upper middle income,US$/tCO2e,2013,4.635095893,12.9912362
ETS_CN_Shenzhen,Shenzhen pilot ETS,ETS,East Asia & Pacific,Upper middle income,US$/tCO2e,2014,12.9912362,5.983657258
ETS_CN_Shenzhen,Shenzhen pilot ETS,ETS,East Asia & Pacific,Upper middle income,US$/tCO2e,2015,5.983657258,5.666419157
ETS_CN_Shenzhen,Shenzhen pilot ETS,ETS,East Asia & Pacific,Upper middle income,US$/tCO2e,2016,5.666419157,5.3649688
ETS_CN_Shenzhen,Shenzhen pilot ETS,ETS,East Asia & Pacific,Upper middle income,US$/tCO2e,2017,5.3649688,6.7355069
ETS_CN_Shenzhen,Shenzhen pilot ETS,ETS,East Asia & Pacific,Upper middle income,US$/tCO2e,2018,6.7355069,0.552741359
ETS_CN_Shenzhen,Shenzhen pilot ETS,ETS,East Asia & Pacific,Upper middle income,US$/tCO2e,2019,0.552741359,2.384538506
ETS_CN_Shenzhen,Shenzhen pilot ETS,ETS,East Asia & Pacific,Upper middle income,US$/tCO2e,2020,2.384538506,1.12000487
ETS_CN_Shenzhen,Shenzhen pilot ETS,ETS,East Asia & Pacific,Upper middle income,US$/tCO2e,2021,1.12000487,0.641630496
ETS_CN_Shenzhen,Shenzhen pilot ETS,ETS,East Asia & Pacific,Upper middle income,US$/tCO2e,2022,0.641630496,8.769017981
ETS_CN_Shenzhen,Shenzhen pilot ETS,ETS,East Asia & Pacific,Upper middle income,US$/tCO2e,2023,8.769017981,8.95609028
ETS_CN_Shenzhen,Shenzhen pilot ETS,ETS,East Asia & Pacific,Upper middle income,US$/tCO2e,2024,8.95609028,6.533762589
ETS_CN_Tianjin,Tianjin pilot ETS,ETS,East Asia & Pacific,Upper middle income,US$/tCO2e,2013,0.0,5.692405249
ETS_CN_Tianjin,Tianjin pilot ETS,ETS,East Asia & Pacific,Upper middle income,US$/tCO2e,2014,5.692405249,4.207767686
ETS_CN_Tianjin,Tianjin pilot ETS,ETS,East Asia & Pacific,Upper middle income,US$/tCO2e,2015,4.207767686,3.584246024
ETS_CN_Tianjin,Tianjin pilot ETS,ETS,East Asia & Pacific,Upper middle income,US$/tCO2e,2016,3.584246024,1.966332898
ETS_CN_Tianjin,Tianjin pilot ETS,ETS,East Asia & Pacific,Upper middle income,US$/tCO2e,2017,1.966332898,1.356088855
ETS_CN_Tianjin,Tianjin pilot ETS,ETS,East Asia & Pacific,Upper middle income,US$/tCO2e,2018,1.356088855,1.725268176
ETS_CN_Tianjin,Tianjin pilot ETS,ETS,East Asia & Pacific,Upper middle income,US$/tCO2e,2019,1.725268176,2.815275686
ETS_CN_Tianjin,Tianjin pilot ETS,ETS,East Asia & Pacific,Upper middle income,US$/tCO2e,2020,2.815275686,3.804364367
ETS_CN_Tianjin,Tianjin pilot ETS,ETS,East Asia & Pacific,Upper middle income,US$/tCO2e,2021,3.804364367,4.403346543
ETS_CN_Tianjin,Tianjin pilot ETS,ETS,East Asia & Pacific,Upper middle income,US$/tCO2e,2022,4.403346543,4.603625246
ETS_CN_Tianjin,Tianjin pilot ETS,ETS,East Asia & Pacific,Upper middle income,US$/tCO2e,2023,4.603625246,4.70885796
ETS_CN_Tianjin,Tianjin pilot ETS,ETS,East Asia & Pacific,Upper middle income,US$/tCO2e,2024,4.70885796,5.296901656
ETS_DE,Germany ETS,ETS,Europe & Central Asia,High income,US$/tCO2e,2021,29.365,33.156
ETS_DE,Germany ETS,ETS,Europe & Central Asia,High income,US$/tCO2e,2022,33.156,32.625
ETS_DE,Germany ETS,ETS,Europe & Central Asia,High income,US$/tCO2e,2023,32.625,48.3705
ETS_DE,Germany ETS,ETS,Europe & Central Asia,High income,US$/tCO2e,2024,48.3705,48.546
ETS_EU,EU ETS,ETS,Europe & Central Asia,High income,US$/tCO2e,2005,19.04973,32.353992
ETS_EU,EU ETS,ETS,Europe & Central Asia,High income,US$/tCO2e,2006,32.353992,1.251892
ETS_EU,EU ETS,ETS,Europe & Central Asia,High income,US$/tCO2e,2007,1.251892,34.48332
ETS_EU,EU ETS,ETS,Europe & Central Asia,High income,US$/tCO2e,2008,34.48332,15.550804
ETS_EU,EU ETS,ETS,Europe & Central Asia,High income,US$/tCO2e,2009,15.550804,17.265976
ETS_EU,EU ETS,ETS,Europe & Central Asia,High income,US$/tCO2e,2010,17.265976,23.75688
ETS_EU,EU ETS,ETS,Europe & Central Asia,High income,US$/tCO2e,2011,23.75688,9.322488
ETS_EU,EU ETS,ETS,Europe & Central Asia,High income,US$/tCO2e,2012,9.322488,6.04396
ETS_EU,EU ETS,ETS,Europe & Central Asia,High income,US$/tCO2e,2013,6.04396,6.7571
ETS_EU,EU ETS,ETS,Europe & Central Asia,High income,US$/tCO2e,2014,6.7571,7.689825
ETS_EU,EU ETS,ETS,Europe & Central Asia,High income,US$/tCO2e,2015,7.689825,5.921776
ETS_EU,EU ETS,ETS,Europe & Central Asia,High income,US$/tCO2e,2016,5.921776,5.644848
ETS_EU,EU ETS,ETS,Europe & Central Asia,High income,US$/tCO2e,2017,5.644848,16.26372
ETS_EU,EU ETS,ETS,Europe & Central Asia,High income,US$/tCO2e,2018,16.26372,24.505716
ETS_EU,EU ETS,ETS,Europe & Central Asia,High income,US$/tCO2e,2019,24.505716,18.53652
ETS_EU,EU ETS,ETS,Europe & Central Asia,High income,US$/tCO2e,2020,18.53652,49.779548
ETS_EU,EU ETS,ETS,Europe & Central Asia,High income,US$/tCO2e,2021,49.779548,86.526108
ETS_EU,EU ETS,ETS,Europe & Central Asia,High income,US$/tCO2e,2022,86.526108,61.301547
ETS_EU,EU ETS,ETS,Europe & Central Asia,High income,US$/tCO2e,2024,61.301547,70.370124
ETS_ID,Indonesia ETS,ETS,East Asia & Pacific,Upper middle income,US$/tCO2e,2024,0.612165181,0.724375226
ETS_JP_Saitama,Saitama ETS,ETS,East Asia & Pacific,High income,US$/tCO2e,2013,86.27116839,67.7834802
ETS_JP_Saitama,Saitama ETS,ETS,East Asia & Pacific,High income,US$/tCO2e,2014,67.7834802,37.51563151
ETS_JP_Saitama,Saitama ETS,ETS,East Asia & Pacific,High income,US$/tCO2e,2015,37.51563151,13.36898396
ETS_JP_Saitama,Saitama ETS,ETS,East Asia & Pacific,High income,US$/tCO2e,2016,13.36898396,13.38688086
ETS_JP_Saitama,Saitama ETS,ETS,East Asia & Pacific,High income,US$/tCO2e,2017,13.38688086,5.650249553
ETS_JP_Saitama,Saitama ETS,ETS,East Asia & Pacific,High income,US$/tCO2e,2018,5.650249553,5.851638459
ETS_JP_Saitama,Saitama ETS,ETS,East Asia & Pacific,High income,US$/tCO2e,2019,5.851638459,5.577244841
ETS_JP_Saitama,Saitama ETS,ETS,East Asia & Pacific,High income,US$/tCO2e,2020,5.577244841,5.415651232
ETS_JP_Saitama,Saitama ETS,ETS,East Asia & Pacific,High income,US$/tCO2e,2021,5.415651232,3.83797054
ETS_JP_Saitama,Saitama ETS,ETS,East Asia & Pacific,High income,US$/tCO2e,2022,3.83797054,1.078813305
ETS_JP_Saitama,Saitama ETS,ETS,East Asia & Pacific,High income,US$/tCO2e,2023,1.078813305,0.949241925
ETS_JP_Saitama,Saitama ETS,ETS,East Asia & Pacific,High income,US$/tCO2e,2024,0.949241925,0.961281709
ETS_JP_Tokyo,Tokyo CaT,ETS,East Asia & Pacific,High income,US$/tCO2e,2010,0.0,0.0
ETS_JP_Tokyo,Tokyo CaT,ETS,East Asia & Pacific,High income,US$/tCO2e,2011,0.0,86.27116839
ETS_JP_Tokyo,Tokyo CaT,ETS,East Asia & Pacific,High income,US$/tCO2e,2013,86.27116839,67.7834802
ETS_JP_Tokyo,Tokyo CaT,ETS,East Asia & Pacific,High income,US$/tCO2e,2014,67.7834802,37.51563151
ETS_JP_Tokyo,Tokyo CaT,ETS,East Asia & Pacific,High income,US$/tCO2e,2015,37.51563151,13.36898396
ETS_JP_Tokyo,Tokyo CaT,ETS,East Asia & Pacific,High income,US$/tCO2e,2016,13.36898396,13.38688086
ETS_JP_Tokyo,Tokyo CaT,ETS,East Asia & Pacific,High income,US$/tCO2e,2017,13.38688086,6.121103682
ETS_JP_Tokyo,Tokyo CaT,ETS,East Asia & Pacific,High income,US$/tCO2e,2018,6.121103682,5.851638459
ETS_JP_Tokyo,Tokyo CaT,ETS,East Asia & Pacific,High income,US$/tCO2e,2019,5.851638459,5.577244841
ETS_JP_Tokyo,Tokyo CaT,ETS,East Asia & Pacific,High income,US$/tCO2e,2020,5.577244841,4.874086109
ETS_JP_Tokyo,Tokyo CaT,ETS,East Asia & Pacific,High income,US$/tCO2e,2021,4.874086109,4.41898527
ETS_JP_Tokyo,Tokyo CaT,ETS,East Asia & Pacific,High income,US$/tCO2e,2022,4.41898527,5.244231346
ETS_JP_Tokyo,Tokyo CaT,ETS,East Asia & Pacific,High income,US$/tCO2e,2023,5.244231346,36.91496374
ETS_JP_Tokyo,Tokyo CaT,ETS,East Asia & Pacific,High income,US$/tCO2e,2024,36.91496374,4.005340454
ETS_KR,Korea ETS,ETS,East Asia & Pacific,High income,US$/tCO2e,2015,9.104020191,6.885102665
ETS_KR,Korea ETS,ETS,East Asia & Pacific,High income,US$/tCO2e,2016,6.885102665,18.23313323
ETS_KR,Korea ETS,ETS,East Asia & Pacific,High income,US$/tCO2e,2017,18.23313323,20.62822316
ETS_KR,Korea ETS,ETS,East Asia & Pacific,High income,US$/tCO2e,2018,20.62822316,23.45744213
ETS_KR,Korea ETS,ETS,East Asia & Pacific,High income,US$/tCO2e,2019,23.45744213,32.78688525
ETS_KR,Korea ETS,ETS,East Asia & Pacific,High income,US$/tCO2e,2020,32.78688525,15.89263641
ETS_KR,Korea ETS,ETS,East Asia & Pacific,High income,US$/tCO2e,2021,15.89263641,18.74948377
ETS_KR,Korea ETS,ETS,East Asia & Pacific,High income,US$/tCO2e,2022,18.74948377,11.23638595
ETS_KR,Korea ETS,ETS,East Asia & Pacific,High income,US$/tCO2e,2023,11.23638595,6.302427437
ETS_KR,Korea ETS,ETS,East Asia & Pacific,High income,US$/tCO2e,2024,6.302427437,6.453148375
ETS_KZ,Kazakhstan ETS,ETS,Europe & Central Asia,Upper middle income,US$/tCO2e,2016,0.0,1.112451318
ETS_KZ,Kazakhstan ETS,ETS,Europe & Central Asia,Upper middle income,US$/tCO2e,2020,1.112451318,1.176775165
ETS_KZ,Kazakhstan ETS,ETS,Europe & Central Asia,Upper middle income,US$/tCO2e,2021,1.176775165,1.08082606
ETS_KZ,Kazakhstan ETS,ETS,Europe & Central Asia,Upper middle income,US$/tCO2e,2022,1.08082606,1.115760112
ETS_KZ,Kazakhstan ETS,ETS,Europe & Central Asia,Upper middle income,US$/tCO2e,2023,1.115760112,1.059208169
ETS_KZ,Kazakhstan ETS,ETS,Europe & Central Asia,Upper middle income,US$/tCO2e,2024,1.059208169,0.931726271
ETS_MO,Montenegro ETS,ETS,Europe & Central Asia,Upper middle income,US$/tCO2e,2024,25.7976,25.8912
ETS_MX,Mexico ETS,ETS,Latin America & Caribbean,Upper middle income,US$/tCO2e,2021,0.0,0.0
ETS_MX,Mexico ETS,ETS,Latin America & Caribbean,Upper middle income,US$/tCO2e,2022,0.0,0.0
ETS_MX,Mexico ETS,ETS,Latin America & Caribbean,Upper middle income,US$/tCO2e,2023,0.0,0.0
ETS_MX,Mexico ETS,ETS,Latin America & Caribbean,Upper middle income,US$/tCO2e,2024,0.0,0.0
ETS_NZ,New Zealand ETS,ETS,East Asia & Pacific,High income,US$/tCO2e,2008,0.0,0.0
ETS_NZ,New Zealand ETS,ETS,East Asia & Pacific,High income,US$/tCO2e,2009,0.0,12.43725
ETS_NZ,New Zealand ETS,ETS,East Asia & Pacific,High income,US$/tCO2e,2010,12.43725,15.37018
ETS_NZ,New Zealand ETS,ETS,East Asia & Pacific,High income,US$/tCO2e,2011,15.37018,5.7211
ETS_NZ,New Zealand ETS,ETS,East Asia & Pacific,High income,US$/tCO2e,2012,5.7211,1.6738
ETS_NZ,New Zealand ETS,ETS,East Asia & Pacific,High income,US$/tCO2e,2013,1.6738,2.68894
ETS_NZ,New Zealand ETS,ETS,East Asia & Pacific,High income,US$/tCO2e,2014,2.68894,4.93152
ETS_NZ,New Zealand ETS,ETS,East Asia & Pacific,High income,US$/tCO2e,2015,4.93152,0.0
ETS_NZ,New Zealand ETS,ETS,East Asia & Pacific,High income,US$/tCO2e,2016,0.0,12.51389
ETS_NZ,New Zealand ETS,ETS,East Asia & Pacific,High income,US$/tCO2e,2017,12.51389,15.090285
ETS_NZ,New Zealand ETS,ETS,East Asia & Pacific,High income,US$/tCO2e,2018,15.090285,17.53254
ETS_NZ,New Zealand ETS,ETS,East Asia & Pacific,High income,US$/tCO2e,2019,17.53254,14.304
ETS_NZ,New Zealand ETS,ETS,East Asia & Pacific,High income,US$/tCO2e,2020,14.304,25.75989
ETS_NZ,New Zealand ETS,ETS,East Asia & Pacific,High income,US$/tCO2e,2021,25.75989,52.6224
ETS_NZ,New Zealand ETS,ETS,East Asia & Pacific,High income,US$/tCO2e,2022,52.6224,34.19875
ETS_NZ,New Zealand ETS,ETS,East Asia & Pacific,High income,US$/tCO2e,2023,34.19875,35.105
ETS_NZ,New Zealand ETS,ETS,East Asia & Pacific,High income,US$/tCO2e,2024,35.105,32.007124
ETS_RGGI,RGGI,ETS,North America,High income,US$/tCO2e,2009,3.87,2.3
ETS_RGGI,RGGI,ETS,North America,High income,US$/tCO2e,2010,2.3,2.08
ETS_RGGI,RGGI,ETS,North America,High income,US$/tCO2e,2011,2.08,2.13
ETS_RGGI,RGGI,ETS,North America,High income,US$/tCO2e,2012,2.13,3.85
ETS_RGGI,RGGI,ETS,North America,High income,US$/tCO2e,2013,3.85,3.93
ETS_RGGI,RGGI,ETS,North America,High income,US$/tCO2e,2014,3.93,5.9
ETS_RGGI,RGGI,ETS,North America,High income,US$/tCO2e,2015,5.9,5.82
ETS_RGGI,RGGI,ETS,North America,High income,US$/tCO2e,2016,5.82,3.94
ETS_RGGI,RGGI,ETS,North America,High income,US$/tCO2e,2017,3.94,4.3
ETS_RGGI,RGGI,ETS,North America,High income,US$/tCO2e,2018,4.3,4.94
ETS_RGGI,RGGI,ETS,North America,High income,US$/tCO2e,2019,4.94,5.13
ETS_RGGI,RGGI,ETS,North America,High income,US$/tCO2e,2020,5.13,8.69
ETS_RGGI,RGGI,ETS,North America,High income,US$/tCO2e,2021,8.69,13.89
ETS_RGGI,RGGI,ETS,North America,High income,US$/tCO2e,2022,13.89,15.3882476
ETS_RGGI,RGGI,ETS,North America,High income,US$/tCO2e,2023,15.3882476,17.64
ETS_RGGI,RGGI,ETS,North America,High income,US$/tCO2e,2024,17.64,23.32
ETS_UK,UK ETS,ETS,Europe & Central Asia,High income,US$/tCO2e,2021,0.0,88.1259355
ETS_UK,UK ETS,ETS,Europe & Central Asia,High income,US$/tCO2e,2023,88.1259355,45.061676
ETS_UK,UK ETS,ETS,Europe & Central Asia,High income,US$/tCO2e,2024,45.061676,57.2278135
ETS_US_California,California CaT,ETS,North America,High income,US$/tCO2e,2012,10.0,14.48
ETS_US_California,California CaT,ETS,North America,High income,US$/tCO2e,2013,14.48,11.69
ETS_US_California,California CaT,ETS,North America,High income,US$/tCO2e,2014,11.69,12.49
ETS_US_California,California CaT,ETS,North America,High income,US$/tCO2e,2015,12.49,12.45
ETS_US_California,California CaT,ETS,North America,High income,US$/tCO2e,2016,12.45,15.08
ETS_US_California,California CaT,ETS,North America,High income,US$/tCO2e,2017,15.08,15.1
ETS_US_California,California CaT,ETS,North America,High income,US$/tCO2e,2018,15.1,15.77
ETS_US_California,California CaT,ETS,North America,High income,US$/tCO2e,2019,15.77,15.3
ETS_US_California,California CaT,ETS,North America,High income,US$/tCO2e,2020,15.3,17.94
ETS_US_California,California CaT,ETS,North America,High income,US$/tCO2e,2021,17.94,30.82
ETS_US_California,California CaT,ETS,North America,High income,US$/tCO2e,2022,30.82,29.84
ETS_US_California,California CaT,ETS,North America,High income,US$/tCO2e,2023,29.84,38.59
ETS_US_California,California CaT,ETS,North America,High income,US$/tCO2e,2024,38.59,29.27
ETS_US_MA,Massachusetts ETS,ETS,North America,High income,US$/tCO2e,2020,8.198567,6.5
ETS_US_MA,Massachusetts ETS,ETS,North America,High income,US$/tCO2e,2021,6.5,0.5
ETS_US_MA,Massachusetts ETS,ETS,North America,High income,US$/tCO2e,2022,0.5,12.05
ETS_US_MA,Massachusetts ETS,ETS,North America,High income,US$/tCO2e,2023,12.05,2.25
ETS_US_MA,Massachusetts ETS,ETS,North America,High income,US$/tCO2e,2024,2.25,9.3
ETS_US_Washington,Washington CCA,ETS,North America,High income,US$/tCO2e,2023,22.2,25.75
ETS_US_Washington,Washington CCA,ETS,North America,High income,US$/tCO2e,2024,25.75,50.0
Tax_AR,Argentina carbon tax,Carbon tax,Latin America & Caribbean,Upper middle income,US$/tCO2e,2018,8.914348161,6.187569488
Tax_AR,Argentina carbon tax,Carbon tax,Latin America & Caribbean,Upper middle income,US$/tCO2e,2019,6.187569488,6.342014552
Tax_AR,Argentina carbon tax,Carbon tax,Latin America & Caribbean,Upper middle income,US$/tCO2e,2020,6.342014552,5.321599371
Tax_AR,Argentina carbon tax,Carbon tax,Latin America & Caribbean,Upper middle income,US$/tCO2e,2021,5.321599371,4.995626444
Tax_AR,Argentina carbon tax,Carbon tax,Latin America & Caribbean,Upper middle income,US$/tCO2e,2022,4.995626444,3.218257023
Tax_AR,Argentina carbon tax,Carbon tax,Latin America & Caribbean,Upper middle income,US$/tCO2e,2023,3.218257023,0.811554266
Tax_AR,Argentina carbon tax,Carbon tax,Latin America & Caribbean,Upper middle income,US$/tCO2e,2024,0.811554266,5.327914694
Tax_CA,Canada federal fuel charge,Carbon tax,North America,High income,US$/tCO2e,2019,14.99587613,21.10149821
Tax_CA,Canada federal fuel charge,Carbon tax,North America,High income,US$/tCO2e,2020,21.10149821,31.8344608
Tax_CA,Canada federal fuel charge,Carbon tax,North America,High income,US$/tCO2e,2021,31.8344608,39.96163683
Tax_CA,Canada federal fuel charge,Carbon tax,North America,High income,US$/tCO2e,2022,39.96163683,48.03073967
Tax_CA,Canada federal fuel charge,Carbon tax,North America,High income,US$/tCO2e,2023,48.03073967,58.94488653
Tax_CA_Alberta,Alberta carbon tax,Carbon tax,North America,High income,US$/tCO2e,2017,15.02629602,23.26663564
Tax_CA_Alberta,Alberta carbon tax,Carbon tax,North America,High income,US$/tCO2e,2018,23.26663564,22.4938142
Tax_CA_BC,BC carbon tax,Carbon tax,North America,High income,US$/tCO2e,2008,9.737098345,7.909515147
Tax_CA_BC,BC carbon tax,Carbon tax,North America,High income,US$/tCO2e,2009,7.909515147,19.85111663
Tax_CA_BC,BC carbon tax,Carbon tax,North America,High income,US$/tCO2e,2010,19.85111663,25.96323606
Tax_CA_BC,BC carbon tax,Carbon tax,North America,High income,US$/tCO2e,2011,25.96323606,30.02702432
Tax_CA_BC,BC carbon tax,Carbon tax,North America,High income,US$/tCO2e,2012,30.02702432,29.50722927
Tax_CA_BC,BC carbon tax,Carbon tax,North America,High income,US$/tCO2e,2013,29.50722927,27.20594903
Tax_CA_BC,BC carbon tax,Carbon tax,North America,High income,US$/tCO2e,2014,27.20594903,23.78686965
Tax_CA_BC,BC carbon tax,Carbon tax,North America,High income,US$/tCO2e,2015,23.78686965,22.99379168
Tax_CA_BC,BC carbon tax,Carbon tax,North America,High income,US$/tCO2e,2016,22.99379168,22.53944403
Tax_CA_BC,BC carbon tax,Carbon tax,North America,High income,US$/tCO2e,2017,22.53944403,27.14440825
Tax_CA_BC,BC carbon tax,Carbon tax,North America,High income,US$/tCO2e,2018,27.14440825,29.99175227
Tax_CA_BC,BC carbon tax,Carbon tax,North America,High income,US$/tCO2e,2019,29.99175227,28.13533094
Tax_CA_BC,BC carbon tax,Carbon tax,North America,High income,US$/tCO2e,2020,28.13533094,35.8137684
Tax_CA_BC,BC carbon tax,Carbon tax,North America,High income,US$/tCO2e,2021,35.8137684,39.96163683
Tax_CA_BC,BC carbon tax,Carbon tax,North America,High income,US$/tCO2e,2022,39.96163683,48.03073967
Tax_CA_BC,BC carbon tax,Carbon tax,North America,High income,US$/tCO2e,2023,48.03073967,58.94488653
Tax_CA_NB,New Brunswick carbon tax,Carbon tax,North America,High income,US$/tCO2e,2020,21.10149821,31.8344608
Tax_CA_NB,New Brunswick carbon tax,Carbon tax,North America,High income,US$/tCO2e,2021,31.8344608,39.96163683
Tax_CA_NB,New Brunswick carbon tax,Carbon tax,North America,High income,US$/tCO2e,2022,39.96163683,48.03073967
Tax_CA_NL,Newfoundland and Labrador carbon tax,Carbon tax,North America,High income,US$/tCO2e,2019,14.99587613,14.06766547
Tax_CA_NL,Newfoundland and Labrador carbon tax,Carbon tax,North America,High income,US$/tCO2e,2020,14.06766547,23.8758456
Tax_CA_NL,Newfoundland and Labrador carbon tax,Carbon tax,North America,High income,US$/tCO2e,2021,23.8758456,39.96163683
Tax_CA_NL,Newfoundland and Labrador carbon tax,Carbon tax,North America,High income,US$/tCO2e,2022,39.96163683,48.03073967
Tax_CA_NT,Northwest Territories carbon tax,Carbon tax,North America,High income,US$/tCO2e,2020,14.06766547,23.8758456
Tax_CA_NT,Northwest Territories carbon tax,Carbon tax,North America,High income,US$/tCO2e,2021,23.8758456,31.96930946
Tax_CA_NT,Northwest Territories carbon tax,Carbon tax,North America,High income,US$/tCO2e,2022,31.96930946,48.03073967
Tax_CA_NT,Northwest Territories carbon tax,Carbon tax,North America,High income,US$/tCO2e,2023,48.03073967,58.94488653
Tax_CA_PE,Prince Edward Island carbon tax,Carbon tax,North America,High income,US$/tCO2e,2019,14.99587613,21.10149821
Tax_CA_PE,Prince Edward Island carbon tax,Carbon tax,North America,High income,US$/tCO2e,2020,21.10149821,23.8758456
Tax_CA_PE,Prince Edward Island carbon tax,Carbon tax,North America,High income,US$/tCO2e,2021,23.8758456,23.9769821
Tax_CA_PE,Prince Edward Island carbon tax,Carbon tax,North America,High income,US$/tCO2e,2022,23.9769821,36.94672283
Tax_CH,Switzerland carbon tax,Carbon tax,Europe & Central Asia,High income,US$/tCO2e,2008,11.91895113,21.03786816
Tax_CH,Switzerland carbon tax,Carbon tax,Europe & Central Asia,High income,US$/tCO2e,2009,21.03786816,34.21077639
Tax_CH,Switzerland carbon tax,Carbon tax,Europe & Central Asia,High income,US$/tCO2e,2010,34.21077639,39.01593151
Tax_CH,Switzerland carbon tax,Carbon tax,Europe & Central Asia,High income,US$/tCO2e,2011,39.01593151,39.86269516
Tax_CH,Switzerland carbon tax,Carbon tax,Europe & Central Asia,High income,US$/tCO2e,2012,39.86269516,37.81115429
Tax_CH,Switzerland carbon tax,Carbon tax,Europe & Central Asia,High income,US$/tCO2e,2013,37.81115429,67.94247537
Tax_CH,Switzerland carbon tax,Carbon tax,Europe & Central Asia,High income,US$/tCO2e,2014,67.94247537,61.95786865
Tax_CH,Switzerland carbon tax,Carbon tax,Europe & Central Asia,High income,US$/tCO2e,2015,61.95786865,87.58210823
Tax_CH,Switzerland carbon tax,Carbon tax,Europe & Central Asia,High income,US$/tCO2e,2016,87.58210823,83.91608392
Tax_CL,Chile carbon tax,Carbon tax,Latin America & Caribbean,High income,US$/tCO2e,2017,5.0,5.0
Tax_CL,Chile carbon tax,Carbon tax,Latin America & Caribbean,High income,US$/tCO2e,2018,5.0,5.0
Tax_CL,Chile carbon tax,Carbon tax,Latin America & Caribbean,High income,US$/tCO2e,2019,5.0,5.0
Tax_CL,Chile carbon tax,Carbon tax,Latin America & Caribbean,High income,US$/tCO2e,2020,5.0,5.0
Tax_CL,Chile carbon tax,Carbon tax,Latin America & Caribbean,High income,US$/tCO2e,2021,5.0,5.0
Tax_CL,Chile carbon tax,Carbon tax,Latin America & Caribbean,High income,US$/tCO2e,2022,5.0,5.0
Tax_CL,Chile carbon tax,Carbon tax,Latin America & Caribbean,High income,US$/tCO2e,2023,5.0,5.0
Tax_CL,Chile carbon tax,Carbon tax,Latin America & Caribbean,High income,US$/tCO2e,2024,5.0,5.0
Tax_DK,Denmark carbon tax,Carbon tax,Europe & Central Asia,High income,US$/tCO2e,2007,16.22852488,19.38108535
Tax_DK,Denmark carbon tax,Carbon tax,Europe & Central Asia,High income,US$/tCO2e,2008,19.38108535,16.74428115
Tax_DK,Denmark carbon tax,Carbon tax,Europe & Central Asia,High income,US$/tCO2e,2009,16.74428115,27.93787258
Tax_DK,Denmark carbon tax,Carbon tax,Europe & Central Asia,High income,US$/tCO2e,2010,27.93787258,29.76006022
Tax_DK,Denmark carbon tax,Carbon tax,Europe & Central Asia,High income,US$/tCO2e,2011,29.76006022,28.70672446
Tax_DK,Denmark carbon tax,Carbon tax,Europe & Central Asia,High income,US$/tCO2e,2012,28.70672446,27.8436505
Tax_DK,Denmark carbon tax,Carbon tax,Europe & Central Asia,High income,US$/tCO2e,2013,27.8436505,30.57338962
Tax_DK,Denmark carbon tax,Carbon tax,Europe & Central Asia,High income,US$/tCO2e,2014,30.57338962,24.25776611
Tax_DK,Denmark carbon tax,Carbon tax,Europe & Central Asia,High income,US$/tCO2e,2015,24.25776611,26.08501327
Tax_DK,Denmark carbon tax,Carbon tax,Europe & Central Asia,High income,US$/tCO2e,2016,26.08501327,24.54232835
Tax_DK,Denmark carbon tax,Carbon tax,Europe & Central Asia,High income,US$/tCO2e,2017,24.54232835,28.59632235
Tax_DK,Denmark carbon tax,Carbon tax,Europe & Central Asia,High income,US$/tCO2e,2018,28.59632235,26.15307449
Tax_DK,Denmark carbon tax,Carbon tax,Europe & Central Asia,High income,US$/tCO2e,2019,26.15307449,25.67350408
Tax_DK,Denmark carbon tax,Carbon tax,Europe & Central Asia,High income,US$/tCO2e,2020,25.67350408,27.91970556
Tax_DK,Denmark carbon tax,Carbon tax,Europe & Central Asia,High income,US$/tCO2e,2021,27.91970556,26.36740721
Tax_DK,Denmark carbon tax,Carbon tax,Europe & Central Asia,High income,US$/tCO2e,2022,26.36740721,26.29306655
Tax_DK,Denmark carbon tax,Carbon tax,Europe & Central Asia,High income,US$/tCO2e,2023,26.29306655,28.39950998
Tax_EE,Estonia carbon tax,Carbon tax,Europe & Central Asia,High income,US$/tCO2e,2000,0.0,0.0
Tax_EE,Estonia carbon tax,Carbon tax,Europe & Central Asia,High income,US$/tCO2e,2001,0.0,0.0
Tax_EE,Estonia carbon tax,Carbon tax,Europe & Central Asia,High income,US$/tCO2e,2002,0.0,0.0
Tax_EE,Estonia carbon tax,Carbon tax,Europe & Central Asia,High income,US$/tCO2e,2003,0.0,0.0
Tax_EE,Estonia carbon tax,Carbon tax,Europe & Central Asia,High income,US$/tCO2e,2004,0.0,0.0
Tax_EE,Estonia carbon tax,Carbon tax,Europe & Central Asia,High income,US$/tCO2e,2005,0.0,0.0
Tax_EE,Estonia carbon tax,Carbon tax,Europe & Central Asia,High income,US$/tCO2e,2006,0.0,0.0
Tax_EE,Estonia carbon tax,Carbon tax,Europe & Central Asia,High income,US$/tCO2e,2007,0.0,0.0
Tax_EE,Estonia carbon tax,Carbon tax,Europe & Central Asia,High income,US$/tCO2e,2008,0.0,0.0
Tax_EE,Estonia carbon tax,Carbon tax,Europe & Central Asia,High income,US$/tCO2e,2009,0.0,0.0
Tax_EE,Estonia carbon tax,Carbon tax,Europe & Central Asia,High income,US$/tCO2e,2010,0.0,2.8282
Tax_EE,Estonia carbon tax,Carbon tax,Europe & Central Asia,High income,US$/tCO2e,2011,2.8282,2.6712
Tax_EE,Estonia carbon tax,Carbon tax,Europe & Central Asia,High income,US$/tCO2e,2012,2.6712,2.561
Tax_EE,Estonia carbon tax,Carbon tax,Europe & Central Asia,High income,US$/tCO2e,2013,2.561,2.758
Tax_EE,Estonia carbon tax,Carbon tax,Europe & Central Asia,High income,US$/tCO2e,2014,2.758,2.151
Tax_EE,Estonia carbon tax,Carbon tax,Europe & Central Asia,High income,US$/tCO2e,2015,2.151,2.2864
Tax_EE,Estonia carbon tax,Carbon tax,Europe & Central Asia,High income,US$/tCO2e,2016,2.2864,2.1382
Tax_EE,Estonia carbon tax,Carbon tax,Europe & Central Asia,High income,US$/tCO2e,2017,2.1382,2.4642
Tax_EE,Estonia carbon tax,Carbon tax,Europe & Central Asia,High income,US$/tCO2e,2018,2.4642,2.2472
Tax_EE,Estonia carbon tax,Carbon tax,Europe & Central Asia,High income,US$/tCO2e,2019,2.2472,2.1872
Tax_EE,Estonia carbon tax,Carbon tax,Europe & Central Asia,High income,US$/tCO2e,2020,2.1872,2.3492
Tax_EE,Estonia carbon tax,Carbon tax,Europe & Central Asia,High income,US$/tCO2e,2021,2.3492,2.2104
Tax_EE,Estonia carbon tax,Carbon tax,Europe & Central Asia,High income,US$/tCO2e,2022,2.2104,2.175
Tax_EE,Estonia carbon tax,Carbon tax,Europe & Central Asia,High income,US$/tCO2e,2023,2.175,2.1498
Tax_EE,Estonia carbon tax,Carbon tax,Europe & Central Asia,High income,US$/tCO2e,2024,2.1498,26.97
Tax_ES,Spain carbon tax,Carbon tax,Europe & Central Asia,High income,US$/tCO2e,2014,27.58,21.51
Tax_ES,Spain carbon tax,Carbon tax,Europe & Central Asia,High income,US$/tCO2e,2015,21.51,22.864
Tax_ES,Spain carbon tax,Carbon tax,Europe & Central Asia,High income,US$/tCO2e,2016,22.864,21.382
Tax_ES,Spain carbon tax,Carbon tax,Europe & Central Asia,High income,US$/tCO2e,2017,21.382,24.642
Tax_ES,Spain carbon tax,Carbon tax,Europe & Central Asia,High income,US$/tCO2e,2018,24.642,16.854
Tax_ES,Spain carbon tax,Carbon tax,Europe & Central Asia,High income,US$/tCO2e,2019,16.854,16.404
Tax_ES,Spain carbon tax,Carbon tax,Europe & Central Asia,High income,US$/tCO2e,2020,16.404,17.619
Tax_ES,Spain carbon tax,Carbon tax,Europe & Central Asia,High income,US$/tCO2e,2021,17.619,16.578
Tax_ES,Spain carbon tax,Carbon tax,Europe & Central Asia,High income,US$/tCO2e,2022,16.578,16.3125
Tax_ES,Spain carbon tax,Carbon tax,Europe & Central Asia,High income,US$/tCO2e,2023,16.3125,16.1235
Tax_ES,Spain carbon tax,Carbon tax,Europe & Central Asia,High income,US$/tCO2e,2024,16.1235,16.182
Tax_FI,Finland carbon tax,Carbon tax,Europe & Central Asia,High income,US$/tCO2e,1999,0.0,16.392948
Tax_FI,Finland carbon tax,Carbon tax,Europe & Central Asia,High income,US$/tCO2e,2000,16.392948,15.155712
Tax_FI,Finland carbon tax,Carbon tax,Europe & Central Asia,High income,US$/tCO2e,2001,15.155712,14.970384
Tax_FI,Finland carbon tax,Carbon tax,Europe & Central Asia,High income,US$/tCO2e,2002,14.970384,19.658255
Tax_FI,Finland carbon tax,Carbon tax,Europe & Central Asia,High income,US$/tCO2e,2003,19.658255,22.2376
Tax_FI,Finland carbon tax,Carbon tax,Europe & Central Asia,High income,US$/tCO2e,2004,22.2376,23.390995
Tax_FI,Finland carbon tax,Carbon tax,Europe & Central Asia,High income,US$/tCO2e,2005,23.390995,21.84772
Tax_FI,Finland carbon tax,Carbon tax,Europe & Central Asia,High income,US$/tCO2e,2006,21.84772,24.03899
Tax_FI,Finland carbon tax,Carbon tax,Europe & Central Asia,High income,US$/tCO2e,2007,24.03899,31.02246
Tax_FI,Finland carbon tax,Carbon tax,Europe & Central Asia,High income,US$/tCO2e,2008,31.02246,27.035086
Tax_FI,Finland carbon tax,Carbon tax,Europe & Central Asia,High income,US$/tCO2e,2009,27.035086,27.488188
Tax_FI,Finland carbon tax,Carbon tax,Europe & Central Asia,High income,US$/tCO2e,2010,27.488188,70.705
Tax_FI,Finland carbon tax,Carbon tax,Europe & Central Asia,High income,US$/tCO2e,2011,70.705,80.136
Tax_FI,Finland carbon tax,Carbon tax,Europe & Central Asia,High income,US$/tCO2e,2012,80.136,64.025
Tax_FI,Finland carbon tax,Carbon tax,Europe & Central Asia,High income,US$/tCO2e,2013,64.025,79.982
Tax_FI,Finland carbon tax,Carbon tax,Europe & Central Asia,High income,US$/tCO2e,2014,79.982,62.379
Tax_FI,Finland carbon tax,Carbon tax,Europe & Central Asia,High income,US$/tCO2e,2015,62.379,66.3056
Tax_FI,Finland carbon tax,Carbon tax,Europe & Central Asia,High income,US$/tCO2e,2016,66.3056,62.0078
Tax_FI,Finland carbon tax,Carbon tax,Europe & Central Asia,High income,US$/tCO2e,2017,62.0078,89.9433
Tax_FI,Finland carbon tax,Carbon tax,Europe & Central Asia,High income,US$/tCO2e,2018,89.9433,86.5172
Tax_FI,Finland carbon tax,Carbon tax,Europe & Central Asia,High income,US$/tCO2e,2019,86.5172,84.2072
Tax_FI,Finland carbon tax,Carbon tax,Europe & Central Asia,High income,US$/tCO2e,2020,84.2072,85.1004
Tax_FI,Finland carbon tax,Carbon tax,Europe & Central Asia,High income,US$/tCO2e,2022,85.1004,83.7375
Tax_FI,Finland carbon tax,Carbon tax,Europe & Central Asia,High income,US$/tCO2e,2023,83.7375,66.8856
Tax_FR,France carbon tax,Carbon tax,Europe & Central Asia,High income,US$/tCO2e,2014,9.653,15.59475
Tax_FR,France carbon tax,Carbon tax,Europe & Central Asia,High income,US$/tCO2e,2015,15.59475,25.1504
Tax_FR,France carbon tax,Carbon tax,Europe & Central Asia,High income,US$/tCO2e,2016,25.1504,32.60755
Tax_FR,France carbon tax,Carbon tax,Europe & Central Asia,High income,US$/tCO2e,2017,32.60755,54.95166
Tax_FR,France carbon tax,Carbon tax,Europe & Central Asia,High income,US$/tCO2e,2018,54.95166,50.11256
Tax_FR,France carbon tax,Carbon tax,Europe & Central Asia,High income,US$/tCO2e,2019,50.11256,48.77456
Tax_FR,France carbon tax,Carbon tax,Europe & Central Asia,High income,US$/tCO2e,2020,48.77456,52.38716
Tax_FR,France carbon tax,Carbon tax,Europe & Central Asia,High income,US$/tCO2e,2021,52.38716,49.29192
Tax_FR,France carbon tax,Carbon tax,Europe & Central Asia,High income,US$/tCO2e,2022,49.29192,48.5025
Tax_FR,France carbon tax,Carbon tax,Europe & Central Asia,High income,US$/tCO2e,2023,48.5025,47.94054
Tax_FR,France carbon tax,Carbon tax,Europe & Central Asia,High income,US$/tCO2e,2024,47.94054,48.11448
Tax_IE,Ireland carbon tax,Carbon tax,Europe & Central Asia,High income,US$/tCO2e,2010,20.17719644,21.185457
Tax_IE,Ireland carbon tax,Carbon tax,Europe & Central Asia,High income,US$/tCO2e,2011,21.185457,26.69666382
Tax_IE,Ireland carbon tax,Carbon tax,Europe & Central Asia,High income,US$/tCO2e,2012,26.69666382,25.59529651
Tax_IE,Ireland carbon tax,Carbon tax,Europe & Central Asia,High income,US$/tCO2e,2013,25.59529651,27.56416548
Tax_IE,Ireland carbon tax,Carbon tax,Europe & Central Asia,High income,US$/tCO2e,2014,27.56416548,21.49765045
Tax_IE,Ireland carbon tax,Carbon tax,Europe & Central Asia,High income,US$/tCO2e,2015,21.49765045,22.85087308
Tax_IE,Ireland carbon tax,Carbon tax,Europe & Central Asia,High income,US$/tCO2e,2016,22.85087308,21.36972394
Tax_IE,Ireland carbon tax,Carbon tax,Europe & Central Asia,High income,US$/tCO2e,2017,21.36972394,24.62785227
Tax_IE,Ireland carbon tax,Carbon tax,Europe & Central Asia,High income,US$/tCO2e,2018,24.62785227,22.45909814
Tax_IE,Ireland carbon tax,Carbon tax,Europe & Central Asia,High income,US$/tCO2e,2019,22.45909814,28.5216403
Tax_IE,Ireland carbon tax,Carbon tax,Europe & Central Asia,High income,US$/tCO2e,2020,28.5216403,39.67853261
Tax_IE,Ireland carbon tax,Carbon tax,Europe & Central Asia,High income,US$/tCO2e,2021,39.67853261,45.69004849
Tax_IE,Ireland carbon tax,Carbon tax,Europe & Central Asia,High income,US$/tCO2e,2022,45.69004849,53.18511109
Tax_IE,Ireland carbon tax,Carbon tax,Europe & Central Asia,High income,US$/tCO2e,2023,53.18511109,52.56889739
Tax_IE,Ireland carbon tax,Carbon tax,Europe & Central Asia,High income,US$/tCO2e,2024,52.56889739,68.5038
Tax_IS,Iceland carbon tax,Carbon tax,Europe & Central Asia,High income,US$/tCO2e,2010,8.843175828,9.904604311
Tax_IS,Iceland carbon tax,Carbon tax,Europe & Central Asia,High income,US$/tCO2e,2011,9.904604311,8.965638103
Tax_IS,Iceland carbon tax,Carbon tax,Europe & Central Asia,High income,US$/tCO2e,2012,8.965638103,17.61518696
Tax_IS,Iceland carbon tax,Carbon tax,Europe & Central Asia,High income,US$/tCO2e,2013,17.61518696,20.2779968
Tax_IS,Iceland carbon tax,Carbon tax,Europe & Central Asia,High income,US$/tCO2e,2014,20.2779968,16.20887554
Tax_IS,Iceland carbon tax,Carbon tax,Europe & Central Asia,High income,US$/tCO2e,2015,16.20887554,18.60878151
Tax_IS,Iceland carbon tax,Carbon tax,Europe & Central Asia,High income,US$/tCO2e,2016,18.60878151,21.1909866
Tax_IS,Iceland carbon tax,Carbon tax,Europe & Central Asia,High income,US$/tCO2e,2017,21.1909866,36.67678942
Tax_IS,Iceland carbon tax,Carbon tax,Europe & Central Asia,High income,US$/tCO2e,2018,36.67678942,35.47428355
Tax_IS,Iceland carbon tax,Carbon tax,Europe & Central Asia,High income,US$/tCO2e,2019,35.47428355,30.74379989
Tax_IS,Iceland carbon tax,Carbon tax,Europe & Central Asia,High income,US$/tCO2e,2020,30.74379989,35.36209385
Tax_IS,Iceland carbon tax,Carbon tax,Europe & Central Asia,High income,US$/tCO2e,2021,35.36209385,35.61275839
Tax_IS,Iceland carbon tax,Carbon tax,Europe & Central Asia,High income,US$/tCO2e,2022,35.61275839,36.10866608
Tax_IS,Iceland carbon tax,Carbon tax,Europe & Central Asia,High income,US$/tCO2e,2023,36.10866608,36.50816385
Tax_IS,Iceland carbon tax,Carbon tax,Europe & Central Asia,High income,US$/tCO2e,2024,36.50816385,60.06006006
Tax_JP,Japan carbon tax,Carbon tax,East Asia & Pacific,High income,US$/tCO2e,2012,1.075378962,0.940913641
Tax_JP,Japan carbon tax,Carbon tax,East Asia & Pacific,High income,US$/tCO2e,2013,0.940913641,1.710901166
Tax_JP,Japan carbon tax,Carbon tax,East Asia & Pacific,High income,US$/tCO2e,2014,1.710901166,1.472986773
Tax_JP,Japan carbon tax,Carbon tax,East Asia & Pacific,High income,US$/tCO2e,2015,1.472986773,2.393590378
Tax_JP,Japan carbon tax,Carbon tax,East Asia & Pacific,High income,US$/tCO2e,2016,2.393590378,2.396794649
Tax_JP,Japan carbon tax,Carbon tax,East Asia & Pacific,High income,US$/tCO2e,2017,2.396794649,2.529059614
Tax_JP,Japan carbon tax,Carbon tax,East Asia & Pacific,High income,US$/tCO2e,2018,2.529059614,2.417724527
Tax_JP,Japan carbon tax,Carbon tax,East Asia & Pacific,High income,US$/tCO2e,2019,2.417724527,2.496382603
Tax_JP,Japan carbon tax,Carbon tax,East Asia & Pacific,High income,US$/tCO2e,2020,2.496382603,2.424053077
Tax_JP,Japan carbon tax,Carbon tax,East Asia & Pacific,High income,US$/tCO2e,2021,2.424053077,2.197715552
Tax_JP,Japan carbon tax,Carbon tax,East Asia & Pacific,High income,US$/tCO2e,2022,2.197715552,2.011993111
Tax_JP,Japan carbon tax,Carbon tax,East Asia & Pacific,High income,US$/tCO2e,2023,2.011993111,1.905075808
Tax_JP,Japan carbon tax,Carbon tax,East Asia & Pacific,High income,US$/tCO2e,2024,1.905075808,1.929238985
Tax_LI,Liechtenstein carbon tax,Carbon tax,Europe & Central Asia,High income,US$/tCO2e,2008,11.91895113,21.03786816
Tax_LI,Liechtenstein carbon tax,Carbon tax,Europe & Central Asia,High income,US$/tCO2e,2009,21.03786816,34.21077639
Tax_LI,Liechtenstein carbon tax,Carbon tax,Europe & Central Asia,High income,US$/tCO2e,2010,34.21077639,39.01593151
Tax_LI,Liechtenstein carbon tax,Carbon tax,Europe & Central Asia,High income,US$/tCO2e,2011,39.01593151,39.86269516
Tax_LI,Liechtenstein carbon tax,Carbon tax,Europe & Central Asia,High income,US$/tCO2e,2012,39.86269516,37.81115429
Tax_LI,Liechtenstein carbon tax,Carbon tax,Europe & Central Asia,High income,US$/tCO2e,2013,37.81115429,40.76548522
Tax_LI,Liechtenstein carbon tax,Carbon tax,Europe & Central Asia,High income,US$/tCO2e,2014,40.76548522,37.17472119
Tax_LI,Liechtenstein carbon tax,Carbon tax,Europe & Central Asia,High income,US$/tCO2e,2015,37.17472119,87.58210823
Tax_LI,Liechtenstein carbon tax,Carbon tax,Europe & Central Asia,High income,US$/tCO2e,2016,87.58210823,83.91608392
Tax_LT,Latvia carbon Tax,Carbon tax,Europe & Central Asia,High income,US$/tCO2e,2004,0.0,0.0
Tax_LT,Latvia carbon Tax,Carbon tax,Europe & Central Asia,High income,US$/tCO2e,2005,0.0,0.0
Tax_LT,Latvia carbon Tax,Carbon tax,Europe & Central Asia,High income,US$/tCO2e,2006,0.0,0.0
Tax_LT,Latvia carbon Tax,Carbon tax,Europe & Central Asia,High income,US$/tCO2e,2007,0.0,0.0
Tax_LT,Latvia carbon Tax,Carbon tax,Europe & Central Asia,High income,US$/tCO2e,2008,0.0,0.0
Tax_LT,Latvia carbon Tax,Carbon tax,Europe & Central Asia,High income,US$/tCO2e,2009,0.0,0.0
Tax_LT,Latvia carbon Tax,Carbon tax,Europe & Central Asia,High income,US$/tCO2e,2010,0.0,0.0
Tax_LT,Latvia carbon Tax,Carbon tax,Europe & Central Asia,High income,US$/tCO2e,2011,0.0,0.0
Tax_LT,Latvia carbon Tax,Carbon tax,Europe & Central Asia,High income,US$/tCO2e,2012,0.0,0.0
Tax_LT,Latvia carbon Tax,Carbon tax,Europe & Central Asia,High income,US$/tCO2e,2013,0.0,3.93015
Tax_LT,Latvia carbon Tax,Carbon tax,Europe & Central Asia,High income,US$/tCO2e,2014,3.93015,3.76425
Tax_LT,Latvia carbon Tax,Carbon tax,Europe & Central Asia,High income,US$/tCO2e,2015,3.76425,4.0012
Tax_LT,Latvia carbon Tax,Carbon tax,Europe & Central Asia,High income,US$/tCO2e,2016,4.0012,4.81095
Tax_LT,Latvia carbon Tax,Carbon tax,Europe & Central Asia,High income,US$/tCO2e,2017,4.81095,5.54445
Tax_LT,Latvia carbon Tax,Carbon tax,Europe & Central Asia,High income,US$/tCO2e,2018,5.54445,5.0562
Tax_LT,Latvia carbon Tax,Carbon tax,Europe & Central Asia,High income,US$/tCO2e,2019,5.0562,9.8424
Tax_LT,Latvia carbon Tax,Carbon tax,Europe & Central Asia,High income,US$/tCO2e,2020,9.8424,14.0952
Tax_LT,Latvia carbon Tax,Carbon tax,Europe & Central Asia,High income,US$/tCO2e,2021,14.0952,16.578
Tax_LT,Latvia carbon Tax,Carbon tax,Europe & Central Asia,High income,US$/tCO2e,2022,16.578,16.3125
Tax_LT,Latvia carbon Tax,Carbon tax,Europe & Central Asia,High income,US$/tCO2e,2023,16.3125,16.1235
Tax_LT,Latvia carbon Tax,Carbon tax,Europe & Central Asia,High income,US$/tCO2e,2024,16.1235,16.182
Tax_LU,Luxembourg carbon tax,Carbon tax,Europe & Central Asia,High income,US$/tCO2e,2021,40.124336,43.345944
Tax_LU,Luxembourg carbon tax,Carbon tax,Europe & Central Asia,High income,US$/tCO2e,2022,43.345944,45.00075
Tax_LU,Luxembourg carbon tax,Carbon tax,Europe & Central Asia,High income,US$/tCO2e,2023,45.00075,49.907607
Tax_LU,Luxembourg carbon tax,Carbon tax,Europe & Central Asia,High income,US$/tCO2e,2024,49.907607,58.546476
Tax_MX,Mexico carbon tax,Carbon tax,Latin America & Caribbean,Upper middle income,US$/tCO2e,2015,3.115361951,2.777923866
Tax_MX,Mexico carbon tax,Carbon tax,Latin America & Caribbean,Upper middle income,US$/tCO2e,2016,2.777923866,2.645352818
Tax_MX,Mexico carbon tax,Carbon tax,Latin America & Caribbean,Upper middle income,US$/tCO2e,2017,2.645352818,2.902568513
Tax_MX,Mexico carbon tax,Carbon tax,Latin America & Caribbean,Upper middle income,US$/tCO2e,2018,2.902568513,2.888936128
Tax_MX,Mexico carbon tax,Carbon tax,Latin America & Caribbean,Upper middle income,US$/tCO2e,2019,2.888936128,2.334344628
Tax_MX,Mexico carbon tax,Carbon tax,Latin America & Caribbean,Upper middle income,US$/tCO2e,2020,2.334344628,2.890222937
Tax_MX,Mexico carbon tax,Carbon tax,Latin America & Caribbean,Upper middle income,US$/tCO2e,2021,2.890222937,3.196554986
Tax_MX,Mexico carbon tax,Carbon tax,Latin America & Caribbean,Upper middle income,US$/tCO2e,2022,3.196554986,3.789652385
Tax_MX,Mexico carbon tax,Carbon tax,Latin America & Caribbean,Upper middle income,US$/tCO2e,2023,3.789652385,4.305144789
Tax_MX,Mexico carbon tax,Carbon tax,Latin America & Caribbean,Upper middle income,US$/tCO2e,2024,4.305144789,3.942786131
Tax_MX_TA,Tamaulipas carbon tax,Carbon tax,Latin America & Caribbean,Upper middle income,US$/tCO2e,2022,13.10272537,17.25022864
Tax_MX_TA,Tamaulipas carbon tax,Carbon tax,Latin America & Caribbean,Upper middle income,US$/tCO2e,2023,17.25022864,19.6598118
Tax_MX_TA,Tamaulipas carbon tax,Carbon tax,Latin America & Caribbean,Upper middle income,US$/tCO2e,2024,19.6598118,16.6719879
Tax_MX_ZA,Zacatecas carbon tax,Carbon tax,Latin America & Caribbean,Upper middle income,US$/tCO2e,2017,12.60408076,13.68296034
Tax_MX_ZA,Zacatecas carbon tax,Carbon tax,Latin America & Caribbean,Upper middle income,US$/tCO2e,2018,13.68296034,13.00938237
Tax_MX_ZA,Zacatecas carbon tax,Carbon tax,Latin America & Caribbean,Upper middle income,US$/tCO2e,2019,13.00938237,10.20749802
Tax_MX_ZA,Zacatecas carbon tax,Carbon tax,Latin America & Caribbean,Upper middle income,US$/tCO2e,2020,10.20749802,14.14187867
Tax_MX_ZA,Zacatecas carbon tax,Carbon tax,Latin America & Caribbean,Upper middle income,US$/tCO2e,2021,14.14187867,12.59877439
Tax_MX_ZA,Zacatecas carbon tax,Carbon tax,Latin America & Caribbean,Upper middle income,US$/tCO2e,2022,12.59877439,13.85694094
Tax_MX_ZA,Zacatecas carbon tax,Carbon tax,Latin America & Caribbean,Upper middle income,US$/tCO2e,2023,13.85694094,15.08996638
Tax_MX_ZA,Zacatecas carbon tax,Carbon tax,Latin America & Caribbean,Upper middle income,US$/tCO2e,2024,15.08996638,12.27976246
Tax_NL,Netherlands carbon tax,Carbon tax,Europe & Central Asia,High income,US$/tCO2e,2021,35.238,46.1421
Tax_NL,Netherlands carbon tax,Carbon tax,Europe & Central Asia,High income,US$/tCO2e,2022,46.1421,60.83475
Tax_NL,Netherlands carbon tax,Carbon tax,Europe & Central Asia,High income,US$/tCO2e,2023,60.83475,71.48085
Tax_NO,Norway carbon tax,Carbon tax,Europe & Central Asia,High income,US$/tCO2e,2000,85.39033896,58.97506166
Tax_NO,Norway carbon tax,Carbon tax,Europe & Central Asia,High income,US$/tCO2e,2001,58.97506166,61.07510311
Tax_NO,Norway carbon tax,Carbon tax,Europe & Central Asia,High income,US$/tCO2e,2002,61.07510311,74.20946308
Tax_NO,Norway carbon tax,Carbon tax,Europe & Central Asia,High income,US$/tCO2e,2003,74.20946308,79.23584659
Tax_NO,Norway carbon tax,Carbon tax,Europe & Central Asia,High income,US$/tCO2e,2004,79.23584659,86.97302255
Tax_NO,Norway carbon tax,Carbon tax,Europe & Central Asia,High income,US$/tCO2e,2005,86.97302255,82.79529054
Tax_NO,Norway carbon tax,Carbon tax,Europe & Central Asia,High income,US$/tCO2e,2006,82.79529054,89.89058937
Tax_NO,Norway carbon tax,Carbon tax,Europe & Central Asia,High income,US$/tCO2e,2007,89.89058937,80.95174203
Tax_NO,Norway carbon tax,Carbon tax,Europe & Central Asia,High income,US$/tCO2e,2009,80.95174203,68.31598619
Tax_NO,Norway carbon tax,Carbon tax,Europe & Central Asia,High income,US$/tCO2e,2015,68.31598619,65.87870568
Tax_NO,Norway carbon tax,Carbon tax,Europe & Central Asia,High income,US$/tCO2e,2016,65.87870568,66.81670301
Tax_NO,Norway carbon tax,Carbon tax,Europe & Central Asia,High income,US$/tCO2e,2017,66.81670301,79.9763414
Tax_NO,Norway carbon tax,Carbon tax,Europe & Central Asia,High income,US$/tCO2e,2018,79.9763414,72.16302548
Tax_NO,Norway carbon tax,Carbon tax,Europe & Central Asia,High income,US$/tCO2e,2019,72.16302548,63.27639752
Tax_NO,Norway carbon tax,Carbon tax,Europe & Central Asia,High income,US$/tCO2e,2020,63.27639752,80.35284871
Tax_PL,Poland carbon tax,Carbon tax,Europe & Central Asia,High income,US$/tCO2e,1994,0.044052863,0.055319149
Tax_PL,Poland carbon tax,Carbon tax,Europe & Central Asia,High income,US$/tCO2e,1995,0.055319149,0.058072009
Tax_PL,Poland carbon tax,Carbon tax,Europe & Central Asia,High income,US$/tCO2e,1996,0.058072009,0.043465662
Tax_PL,Poland carbon tax,Carbon tax,Europe & Central Asia,High income,US$/tCO2e,1998,0.043465662,0.041870202
Tax_PL,Poland carbon tax,Carbon tax,Europe & Central Asia,High income,US$/tCO2e,1999,0.041870202,0.041870202
Tax_PL,Poland carbon tax,Carbon tax,Europe & Central Asia,High income,US$/tCO2e,2000,0.041870202,0.036869531
Tax_PL,Poland carbon tax,Carbon tax,Europe & Central Asia,High income,US$/tCO2e,2001,0.036869531,0.036677507
Tax_PL,Poland carbon tax,Carbon tax,Europe & Central Asia,High income,US$/tCO2e,2002,0.036677507,0.051726686
Tax_PL,Poland carbon tax,Carbon tax,Europe & Central Asia,High income,US$/tCO2e,2003,0.051726686,0.057074664
Tax_PL,Poland carbon tax,Carbon tax,Europe & Central Asia,High income,US$/tCO2e,2004,0.057074664,0.068297529
Tax_PL,Poland carbon tax,Carbon tax,Europe & Central Asia,High income,US$/tCO2e,2005,0.068297529,0.067865626
Tax_PL,Poland carbon tax,Carbon tax,Europe & Central Asia,High income,US$/tCO2e,2006,0.067865626,0.079813999
Tax_PL,Poland carbon tax,Carbon tax,Europe & Central Asia,High income,US$/tCO2e,2007,0.079813999,0.103069684
Tax_PL,Poland carbon tax,Carbon tax,Europe & Central Asia,High income,US$/tCO2e,2008,0.103069684,0.075578935
Tax_PL,Poland carbon tax,Carbon tax,Europe & Central Asia,High income,US$/tCO2e,2009,0.075578935,0.087947654
Tax_PL,Poland carbon tax,Carbon tax,Europe & Central Asia,High income,US$/tCO2e,2010,0.087947654,0.091587995
Tax_PL,Poland carbon tax,Carbon tax,Europe & Central Asia,High income,US$/tCO2e,2011,0.091587995,0.087124879
Tax_PL,Poland carbon tax,Carbon tax,Europe & Central Asia,High income,US$/tCO2e,2012,0.087124879,0.085645245
Tax_PL,Poland carbon tax,Carbon tax,Europe & Central Asia,High income,US$/tCO2e,2013,0.085645245,0.092317837
Tax_PL,Poland carbon tax,Carbon tax,Europe & Central Asia,High income,US$/tCO2e,2014,0.092317837,0.07743865
Tax_PL,Poland carbon tax,Carbon tax,Europe & Central Asia,High income,US$/tCO2e,2015,0.07743865,0.077971661
Tax_PL,Poland carbon tax,Carbon tax,Europe & Central Asia,High income,US$/tCO2e,2016,0.077971661,0.073501755
Tax_PL,Poland carbon tax,Carbon tax,Europe & Central Asia,High income,US$/tCO2e,2017,0.073501755,0.085404789
Tax_PL,Poland carbon tax,Carbon tax,Europe & Central Asia,High income,US$/tCO2e,2018,0.085404789,0.078396522
Tax_PL,Poland carbon tax,Carbon tax,Europe & Central Asia,High income,US$/tCO2e,2019,0.078396522,0.071940534
Tax_PL,Poland carbon tax,Carbon tax,Europe & Central Asia,High income,US$/tCO2e,2020,0.071940534,0.078624328
Tax_PL,Poland carbon tax,Carbon tax,Europe & Central Asia,High income,US$/tCO2e,2021,0.078624328,0.076230406
Tax_PL,Poland carbon tax,Carbon tax,Europe & Central Asia,High income,US$/tCO2e,2022,0.076230406,0.084980879
Tax_PL,Poland carbon tax,Carbon tax,Europe & Central Asia,High income,US$/tCO2e,2024,0.084980879,0.09830298
Tax_PT,Portugal carbon tax,Carbon tax,Europe & Central Asia,High income,US$/tCO2e,2019,14.16974711,13.79141638
Tax_PT,Portugal carbon tax,Carbon tax,Europe & Central Asia,High income,US$/tCO2e,2020,13.79141638,27.81387335
Tax_PT,Portugal carbon tax,Carbon tax,Europe & Central Asia,High income,US$/tCO2e,2021,27.81387335,26.17052003
Tax_PT,Portugal carbon tax,Carbon tax,Europe & Central Asia,High income,US$/tCO2e,2022,26.17052003,25.75139389
Tax_PT,Portugal carbon tax,Carbon tax,Europe & Central Asia,High income,US$/tCO2e,2023,25.75139389,25.45303292
Tax_PT,Portugal carbon tax,Carbon tax,Europe & Central Asia,High income,US$/tCO2e,2024,25.45303292,72.700332
Tax_SE,Sweden carbon tax,Carbon tax,Europe & Central Asia,High income,US$/tCO2e,1994,43.43382729,46.11732791
Tax_SE,Sweden carbon tax,Carbon tax,Europe & Central Asia,High income,US$/tCO2e,1995,46.11732791,55.64830273
Tax_SE,Sweden carbon tax,Carbon tax,Europe & Central Asia,High income,US$/tCO2e,1996,55.64830273,49.12047793
Tax_SE,Sweden carbon tax,Carbon tax,Europe & Central Asia,High income,US$/tCO2e,1997,49.12047793,46.27603027
Tax_SE,Sweden carbon tax,Carbon tax,Europe & Central Asia,High income,US$/tCO2e,1998,46.27603027,44.61863129
Tax_SE,Sweden carbon tax,Carbon tax,Europe & Central Asia,High income,US$/tCO2e,1999,44.61863129,42.67589389
Tax_SE,Sweden carbon tax,Carbon tax,Europe & Central Asia,High income,US$/tCO2e,2000,42.67589389,51.02286402
Tax_SE,Sweden carbon tax,Carbon tax,Europe & Central Asia,High income,US$/tCO2e,2001,51.02286402,60.94316808
Tax_SE,Sweden carbon tax,Carbon tax,Europe & Central Asia,High income,US$/tCO2e,2002,60.94316808,89.64907107
Tax_SG,Singapore carbon tax,Carbon tax,East Asia & Pacific,High income,US$/tCO2e,2019,3.693853428,3.51024993
Tax_SG,Singapore carbon tax,Carbon tax,East Asia & Pacific,High income,US$/tCO2e,2020,3.51024993,3.713606655
Tax_SG,Singapore carbon tax,Carbon tax,East Asia & Pacific,High income,US$/tCO2e,2021,3.713606655,3.6856848
Tax_SG,Singapore carbon tax,Carbon tax,East Asia & Pacific,High income,US$/tCO2e,2022,3.6856848,3.767897513
Tax_SG,Singapore carbon tax,Carbon tax,East Asia & Pacific,High income,US$/tCO2e,2023,3.767897513,18.47882327
Tax_SG,Singapore carbon tax,Carbon tax,East Asia & Pacific,High income,US$/tCO2e,2024,18.47882327,18.61920012
Tax_SL,Slovenia carbon tax,Carbon tax,Europe & Central Asia,High income,US$/tCO2e,1999,0.0,0.0
Tax_SL,Slovenia carbon tax,Carbon tax,Europe & Central Asia,High income,US$/tCO2e,2000,0.0,0.0
Tax_SL,Slovenia carbon tax,Carbon tax,Europe & Central Asia,High income,US$/tCO2e,2001,0.0,0.0
Tax_SL,Slovenia carbon tax,Carbon tax,Europe & Central Asia,High income,US$/tCO2e,2002,0.0,0.0
Tax_SL,Slovenia carbon tax,Carbon tax,Europe & Central Asia,High income,US$/tCO2e,2003,0.0,0.0
Tax_SL,Slovenia carbon tax,Carbon tax,Europe & Central Asia,High income,US$/tCO2e,2004,0.0,0.0
Tax_SL,Slovenia carbon tax,Carbon tax,Europe & Central Asia,High income,US$/tCO2e,2005,0.0,0.0
Tax_SL,Slovenia carbon tax,Carbon tax,Europe & Central Asia,High income,US$/tCO2e,2006,0.0,16.6475
Tax_SL,Slovenia carbon tax,Carbon tax,Europe & Central Asia,High income,US$/tCO2e,2007,16.6475,19.575
Tax_SL,Slovenia carbon tax,Carbon tax,Europe & Central Asia,High income,US$/tCO2e,2008,19.575,16.5575
Tax_SL,Slovenia carbon tax,Carbon tax,Europe & Central Asia,High income,US$/tCO2e,2009,16.5575,16.835
Tax_SL,Slovenia carbon tax,Carbon tax,Europe & Central Asia,High income,US$/tCO2e,2010,16.835,17.67625
Tax_SL,Slovenia carbon tax,Carbon tax,Europe & Central Asia,High income,US$/tCO2e,2011,17.67625,19.23264
Tax_SL,Slovenia carbon tax,Carbon tax,Europe & Central Asia,High income,US$/tCO2e,2012,19.23264,18.4392
Tax_SL,Slovenia carbon tax,Carbon tax,Europe & Central Asia,High income,US$/tCO2e,2013,18.4392,19.8576
Tax_SL,Slovenia carbon tax,Carbon tax,Europe & Central Asia,High income,US$/tCO2e,2014,19.8576,18.58464
Tax_SL,Slovenia carbon tax,Carbon tax,Europe & Central Asia,High income,US$/tCO2e,2015,18.58464,19.77736
Tax_SL,Slovenia carbon tax,Carbon tax,Europe & Central Asia,High income,US$/tCO2e,2016,19.77736,18.49543
Tax_SL,Slovenia carbon tax,Carbon tax,Europe & Central Asia,High income,US$/tCO2e,2017,18.49543,21.31533
Tax_SL,Slovenia carbon tax,Carbon tax,Europe & Central Asia,High income,US$/tCO2e,2018,21.31533,19.43828
Tax_SL,Slovenia carbon tax,Carbon tax,Europe & Central Asia,High income,US$/tCO2e,2019,19.43828,18.91928
Tax_SL,Slovenia carbon tax,Carbon tax,Europe & Central Asia,High income,US$/tCO2e,2020,18.91928,20.32058
Tax_SL,Slovenia carbon tax,Carbon tax,Europe & Central Asia,High income,US$/tCO2e,2021,20.32058,19.11996
Tax_SL,Slovenia carbon tax,Carbon tax,Europe & Central Asia,High income,US$/tCO2e,2022,19.11996,0.0
Tax_SL,Slovenia carbon tax,Carbon tax,Europe & Central Asia,High income,US$/tCO2e,2023,0.0,18.59577
Tax_SL,Slovenia carbon tax,Carbon tax,Europe & Central Asia,High income,US$/tCO2e,2024,18.59577,33.28098
Tax_UA,Ukraine carbon tax,Carbon tax,Europe & Central Asia,Upper middle income,US$/tCO2e,2016,0.012692308,0.013668267
Tax_UA,Ukraine carbon tax,Carbon tax,Europe & Central Asia,Upper middle income,US$/tCO2e,2017,0.013668267,0.015442561
Tax_UA,Ukraine carbon tax,Carbon tax,Europe & Central Asia,Upper middle income,US$/tCO2e,2018,0.015442561,0.368369447
Tax_UA,Ukraine carbon tax,Carbon tax,Europe & Central Asia,Upper middle income,US$/tCO2e,2019,0.368369447,0.384615385
Tax_UA,Ukraine carbon tax,Carbon tax,Europe & Central Asia,Upper middle income,US$/tCO2e,2020,0.384615385,0.35942004
Tax_UA,Ukraine carbon tax,Carbon tax,Europe & Central Asia,Upper middle income,US$/tCO2e,2021,0.35942004,1.025469238
Tax_UA,Ukraine carbon tax,Carbon tax,Europe & Central Asia,Upper middle income,US$/tCO2e,2022,1.025469238,0.820375951
Tax_UA,Ukraine carbon tax,Carbon tax,Europe & Central Asia,Upper middle income,US$/tCO2e,2023,0.820375951,0.767756283
Tax_UA,Ukraine carbon tax,Carbon tax,Europe & Central Asia,Upper middle income,US$/tCO2e,2024,0.767756283,0.730410393
Tax_UK,UK Carbon Price Support,Carbon tax,Europe & Central Asia,High income,US$/tCO2e,2013,7.470268,15.894065
Tax_UK,UK Carbon Price Support,Carbon tax,Europe & Central Asia,High income,US$/tCO2e,2014,15.894065,26.711392
Tax_UK,UK Carbon Price Support,Carbon tax,Europe & Central Asia,High income,US$/tCO2e,2015,26.711392,25.7148
Tax_UK,UK Carbon Price Support,Carbon tax,Europe & Central Asia,High income,US$/tCO2e,2016,25.7148,22.4145
Tax_UK,UK Carbon Price Support,Carbon tax,Europe & Central Asia,High income,US$/tCO2e,2017,22.4145,25.3107
Tax_UK,UK Carbon Price Support,Carbon tax,Europe & Central Asia,High income,US$/tCO2e,2018,25.3107,23.589
Tax_UK,UK Carbon Price Support,Carbon tax,Europe & Central Asia,High income,US$/tCO2e,2019,23.589,22.284
Tax_UK,UK Carbon Price Support,Carbon tax,Europe & Central Asia,High income,US$/tCO2e,2020,22.284,24.795
Tax_UK,UK Carbon Price Support,Carbon tax,Europe & Central Asia,High income,US$/tCO2e,2021,24.795,23.6538
Tax_UK,UK Carbon Price Support,Carbon tax,Europe & Central Asia,High income,US$/tCO2e,2022,23.6538,22.2759
Tax_UK,UK Carbon Price Support,Carbon tax,Europe & Central Asia,High income,US$/tCO2e,2023,22.2759,22.6188
Tax_UK,UK Carbon Price Support,Carbon tax,Europe & Central Asia,High income,US$/tCO2e,2024,22.6188,23.2371
Tax_ZA,South Africa carbon tax,Carbon tax,Sub-Saharan Africa,Upper middle income,US$/tCO2e,2020,7.059869921,9.150942752
Tax_ZA,South Africa carbon tax,Carbon tax,Sub-Saharan Africa,Upper middle income,US$/tCO2e,2021,9.150942752,9.83519223
Tax_ZA,South Africa carbon tax,Carbon tax,Sub-Saharan Africa,Upper middle income,US$/tCO2e,2022,9.83519223,8.925614268
Tax_ZA,South Africa carbon tax,Carbon tax,Sub-Saharan Africa,Upper middle income,US$/tCO2e,2023,8.925614268,10.08578223
Tax_ZA,South Africa carbon tax,Carbon tax,Sub-Saharan Africa,Upper middle income,US$/tCO2e,2024,10.08578223,12.84892173
